{
	"class_name" : "PinholeCameraParameters",
	"extrinsic" : 
	[
		-0.43220108244658112,
		-0.51090273560601718,
		0.74308856745497842,
		0.0,
		-0.89056983968915349,
		0.11230994654459828,
		-0.44076278942667685,
		0.0,
		0.14173067758265734,
		-0.85227042108560691,
		-0.50353504781149372,
		0.0,
		1334.4939212996394,
		536.18678820329183,
		2247.5520390857246,
		1.0
	],
	"intrinsic" : 
	{
		"height" : 991,
		"intrinsic_matrix" : 
		[
			858.2311751503787,
			0.0,
			0.0,
			0.0,
			858.2311751503787,
			0.0,
			959.5,
			495.0,
			1.0
		],
		"width" : 1920
	},
	"version_major" : 1,
	"version_minor" : 0
}