{
	"class_name" : "PinholeCameraParameters",
	"extrinsic" : 
	[
		-0.53862239275872181,
		-0.4581109325216422,
		0.70712112931450488,
		0.0,
		-0.84002042619698891,
		0.22703182404338157,
		-0.49276996097912096,
		0.0,
		0.065204306534910411,
		-0.85941312788186253,
		-0.5071069650809531,
		0.0,
		1401.3580856807357,
		364.13231701795621,
		3117.7843263692698,
		1.0
	],
	"intrinsic" : 
	{
		"height" : 1055,
		"intrinsic_matrix" : 
		[
			913.65680099258282,
			0.0,
			0.0,
			0.0,
			913.65680099258282,
			0.0,
			959.5,
			527.0,
			1.0
		],
		"width" : 1920
	},
	"version_major" : 1,
	"version_minor" : 0
}